simulation,clustered_tcrs,data_size,nr_clusters,percentage_clustered
simulation1,175,862,57,20.301624129930396
simulation2,209,890,53,23.48314606741573
simulation3,237,852,48,27.816901408450708
simulation4,110,883,34,12.457531143827861
simulation5,197,852,41,23.122065727699532
simulation6,227,861,58,26.364692218350754
simulation7,180,887,38,20.293122886133034
simulation8,181,885,53,20.451977401129945
